News_ID,Date,Stock_ID,Headline,Sentiment,Sentiment_Score
N1,2024-01-01,TCS,New project,Positive,0.89
N2,2024-01-01,INFY,Market uncertainty,Neutral,-0.03
N3,2024-01-01,RELIANCE,Strong demand,Negative,-0.53
N4,2024-01-01,HDFCBANK,New project,Negative,-0.53
N5,2024-01-01,TATAMOTORS,Positive earnings,Negative,-0.44
N6,2024-01-02,TCS,Strong demand,Negative,-0.72
N7,2024-01-02,INFY,Market uncertainty,Neutral,0.0
N8,2024-01-02,RELIANCE,Market uncertainty,Negative,-0.37
N9,2024-01-02,HDFCBANK,Market uncertainty,Neutral,0.74
N10,2024-01-02,TATAMOTORS,Market uncertainty,Positive,-0.52
N11,2024-01-03,TCS,Positive earnings,Neutral,-0.46
N12,2024-01-03,INFY,Strong demand,Positive,0.43
N13,2024-01-03,RELIANCE,Positive earnings,Positive,0.3
N14,2024-01-03,HDFCBANK,Positive earnings,Positive,0.98
N15,2024-01-03,TATAMOTORS,New project,Negative,-0.09
N16,2024-01-04,TCS,New project,Negative,0.39
N17,2024-01-04,INFY,Strong demand,Negative,-0.78
N18,2024-01-04,RELIANCE,New project,Negative,0.19
N19,2024-01-04,HDFCBANK,Market uncertainty,Neutral,0.3
N20,2024-01-04,TATAMOTORS,New project,Neutral,0.2
N21,2024-01-05,TCS,New project,Positive,0.33
N22,2024-01-05,INFY,Positive earnings,Neutral,0.11
N23,2024-01-05,RELIANCE,Market uncertainty,Negative,0.96
N24,2024-01-05,HDFCBANK,Positive earnings,Neutral,0.07
N25,2024-01-05,TATAMOTORS,Positive earnings,Negative,0.06
N26,2024-01-06,TCS,Strong demand,Neutral,-0.6
N27,2024-01-06,INFY,Positive earnings,Positive,-0.58
N28,2024-01-06,RELIANCE,Strong demand,Negative,0.57
N29,2024-01-06,HDFCBANK,Market uncertainty,Negative,-0.96
N30,2024-01-06,TATAMOTORS,Positive earnings,Neutral,0.48
N31,2024-01-07,TCS,Positive earnings,Negative,0.07
N32,2024-01-07,INFY,Market uncertainty,Positive,0.22
N33,2024-01-07,RELIANCE,Market uncertainty,Negative,-0.3
N34,2024-01-07,HDFCBANK,New project,Neutral,-0.22
N35,2024-01-07,TATAMOTORS,Market uncertainty,Negative,0.3
N36,2024-01-08,TCS,Positive earnings,Positive,0.21
N37,2024-01-08,INFY,Market uncertainty,Positive,-0.39
N38,2024-01-08,RELIANCE,Strong demand,Positive,-0.38
N39,2024-01-08,HDFCBANK,New project,Positive,0.2
N40,2024-01-08,TATAMOTORS,Strong demand,Neutral,0.25
N41,2024-01-09,TCS,Market uncertainty,Positive,-0.9
N42,2024-01-09,INFY,Market uncertainty,Negative,0.39
N43,2024-01-09,RELIANCE,Positive earnings,Negative,-0.58
N44,2024-01-09,HDFCBANK,New project,Positive,-0.29
N45,2024-01-09,TATAMOTORS,Strong demand,Positive,0.76
N46,2024-01-10,TCS,Market uncertainty,Neutral,-0.22
N47,2024-01-10,INFY,Positive earnings,Neutral,0.74
N48,2024-01-10,RELIANCE,Positive earnings,Positive,0.69
N49,2024-01-10,HDFCBANK,New project,Negative,0.23
N50,2024-01-10,TATAMOTORS,Market uncertainty,Negative,-0.22
N51,2024-01-11,TCS,Strong demand,Negative,0.65
N52,2024-01-11,INFY,New project,Neutral,-0.42
N53,2024-01-11,RELIANCE,Market uncertainty,Positive,-0.6
N54,2024-01-11,HDFCBANK,Market uncertainty,Negative,-0.86
N55,2024-01-11,TATAMOTORS,Strong demand,Positive,-0.69
N56,2024-01-12,TCS,New project,Positive,-0.69
N57,2024-01-12,INFY,Positive earnings,Negative,0.0
N58,2024-01-12,RELIANCE,Strong demand,Positive,-0.44
N59,2024-01-12,HDFCBANK,Market uncertainty,Neutral,-0.59
N60,2024-01-12,TATAMOTORS,New project,Positive,-0.57
N61,2024-01-13,TCS,New project,Positive,-0.66
N62,2024-01-13,INFY,Strong demand,Negative,-0.0
N63,2024-01-13,RELIANCE,Positive earnings,Negative,0.65
N64,2024-01-13,HDFCBANK,Strong demand,Positive,0.7
N65,2024-01-13,TATAMOTORS,Positive earnings,Neutral,0.59
N66,2024-01-14,TCS,Market uncertainty,Positive,-0.33
N67,2024-01-14,INFY,Positive earnings,Positive,0.23
N68,2024-01-14,RELIANCE,New project,Neutral,0.9
N69,2024-01-14,HDFCBANK,Positive earnings,Positive,0.72
N70,2024-01-14,TATAMOTORS,Strong demand,Neutral,0.73
N71,2024-01-15,TCS,Market uncertainty,Negative,0.99
N72,2024-01-15,INFY,New project,Neutral,-0.5
N73,2024-01-15,RELIANCE,New project,Negative,-0.92
N74,2024-01-15,HDFCBANK,Positive earnings,Negative,0.86
N75,2024-01-15,TATAMOTORS,Positive earnings,Neutral,-0.14
N76,2024-01-16,TCS,Market uncertainty,Neutral,0.04
N77,2024-01-16,INFY,Positive earnings,Positive,-0.57
N78,2024-01-16,RELIANCE,Strong demand,Negative,0.53
N79,2024-01-16,HDFCBANK,New project,Negative,0.7
N80,2024-01-16,TATAMOTORS,Strong demand,Negative,0.92
N81,2024-01-17,TCS,Strong demand,Negative,0.02
N82,2024-01-17,INFY,Strong demand,Positive,0.92
N83,2024-01-17,RELIANCE,New project,Negative,-0.53
N84,2024-01-17,HDFCBANK,New project,Positive,0.2
N85,2024-01-17,TATAMOTORS,Positive earnings,Positive,-0.99
N86,2024-01-18,TCS,Strong demand,Neutral,0.64
N87,2024-01-18,INFY,Positive earnings,Neutral,0.61
N88,2024-01-18,RELIANCE,Positive earnings,Positive,0.18
N89,2024-01-18,HDFCBANK,Market uncertainty,Negative,0.13
N90,2024-01-18,TATAMOTORS,New project,Positive,0.23
N91,2024-01-19,TCS,New project,Negative,0.68
N92,2024-01-19,INFY,Positive earnings,Neutral,0.1
N93,2024-01-19,RELIANCE,Positive earnings,Neutral,0.73
N94,2024-01-19,HDFCBANK,New project,Neutral,0.65
N95,2024-01-19,TATAMOTORS,Positive earnings,Neutral,-0.08
N96,2024-01-20,TCS,Market uncertainty,Neutral,-0.56
N97,2024-01-20,INFY,Market uncertainty,Positive,0.17
N98,2024-01-20,RELIANCE,Market uncertainty,Positive,0.5
N99,2024-01-20,HDFCBANK,Strong demand,Neutral,0.27
N100,2024-01-20,TATAMOTORS,New project,Negative,-0.14
N101,2024-01-21,TCS,Strong demand,Neutral,0.4
N102,2024-01-21,INFY,New project,Negative,0.23
N103,2024-01-21,RELIANCE,New project,Negative,-0.78
N104,2024-01-21,HDFCBANK,Strong demand,Negative,-0.13
N105,2024-01-21,TATAMOTORS,New project,Neutral,0.59
N106,2024-01-22,TCS,Positive earnings,Negative,0.29
N107,2024-01-22,INFY,Positive earnings,Neutral,0.38
N108,2024-01-22,RELIANCE,Strong demand,Neutral,0.13
N109,2024-01-22,HDFCBANK,Market uncertainty,Neutral,0.75
N110,2024-01-22,TATAMOTORS,Positive earnings,Neutral,0.69
N111,2024-01-23,TCS,Strong demand,Negative,-0.01
N112,2024-01-23,INFY,Positive earnings,Negative,0.55
N113,2024-01-23,RELIANCE,Positive earnings,Neutral,0.98
N114,2024-01-23,HDFCBANK,Strong demand,Positive,-0.75
N115,2024-01-23,TATAMOTORS,New project,Negative,0.61
N116,2024-01-24,TCS,New project,Negative,-0.21
N117,2024-01-24,INFY,Positive earnings,Neutral,0.4
N118,2024-01-24,RELIANCE,Positive earnings,Positive,-0.07
N119,2024-01-24,HDFCBANK,Positive earnings,Negative,-0.32
N120,2024-01-24,TATAMOTORS,New project,Positive,0.2
N121,2024-01-25,TCS,New project,Neutral,0.14
N122,2024-01-25,INFY,Market uncertainty,Positive,-0.06
N123,2024-01-25,RELIANCE,Strong demand,Negative,0.42
N124,2024-01-25,HDFCBANK,Strong demand,Neutral,-0.28
N125,2024-01-25,TATAMOTORS,Strong demand,Negative,0.77
N126,2024-01-26,TCS,Positive earnings,Positive,0.46
N127,2024-01-26,INFY,Positive earnings,Negative,-0.34
N128,2024-01-26,RELIANCE,Market uncertainty,Negative,-0.56
N129,2024-01-26,HDFCBANK,New project,Neutral,0.49
N130,2024-01-26,TATAMOTORS,New project,Negative,-0.26
N131,2024-01-27,TCS,New project,Neutral,0.33
N132,2024-01-27,INFY,Market uncertainty,Neutral,0.82
N133,2024-01-27,RELIANCE,Market uncertainty,Neutral,0.89
N134,2024-01-27,HDFCBANK,Positive earnings,Neutral,0.1
N135,2024-01-27,TATAMOTORS,Positive earnings,Negative,0.09
N136,2024-01-28,TCS,Positive earnings,Negative,0.02
N137,2024-01-28,INFY,New project,Negative,0.0
N138,2024-01-28,RELIANCE,Strong demand,Neutral,0.38
N139,2024-01-28,HDFCBANK,Positive earnings,Negative,-0.48
N140,2024-01-28,TATAMOTORS,New project,Positive,-0.59
N141,2024-01-29,TCS,New project,Positive,0.46
N142,2024-01-29,INFY,Market uncertainty,Neutral,0.3
N143,2024-01-29,RELIANCE,New project,Negative,-0.29
N144,2024-01-29,HDFCBANK,Positive earnings,Neutral,0.68
N145,2024-01-29,TATAMOTORS,New project,Neutral,0.81
N146,2024-01-30,TCS,Positive earnings,Positive,0.28
N147,2024-01-30,INFY,Strong demand,Neutral,-0.43
N148,2024-01-30,RELIANCE,Positive earnings,Positive,-0.6
N149,2024-01-30,HDFCBANK,Positive earnings,Negative,0.54
N150,2024-01-30,TATAMOTORS,Positive earnings,Negative,0.14
N151,2024-01-31,TCS,New project,Neutral,-0.76
N152,2024-01-31,INFY,Market uncertainty,Neutral,0.5
N153,2024-01-31,RELIANCE,Market uncertainty,Positive,0.33
N154,2024-01-31,HDFCBANK,Market uncertainty,Neutral,0.74
N155,2024-01-31,TATAMOTORS,Strong demand,Neutral,0.93
N156,2024-02-01,TCS,Market uncertainty,Negative,0.23
N157,2024-02-01,INFY,New project,Neutral,-0.09
N158,2024-02-01,RELIANCE,Positive earnings,Negative,-0.81
N159,2024-02-01,HDFCBANK,Market uncertainty,Neutral,-0.62
N160,2024-02-01,TATAMOTORS,Market uncertainty,Negative,0.07
N161,2024-02-02,TCS,New project,Neutral,0.13
N162,2024-02-02,INFY,Strong demand,Negative,0.8
N163,2024-02-02,RELIANCE,Positive earnings,Positive,0.25
N164,2024-02-02,HDFCBANK,Market uncertainty,Negative,0.09
N165,2024-02-02,TATAMOTORS,Market uncertainty,Negative,-0.8
N166,2024-02-03,TCS,New project,Negative,0.54
N167,2024-02-03,INFY,Market uncertainty,Negative,-0.79
N168,2024-02-03,RELIANCE,Positive earnings,Neutral,-0.16
N169,2024-02-03,HDFCBANK,Market uncertainty,Negative,-0.62
N170,2024-02-03,TATAMOTORS,Strong demand,Negative,-0.32
N171,2024-02-04,TCS,Strong demand,Neutral,0.41
N172,2024-02-04,INFY,Positive earnings,Negative,-0.77
N173,2024-02-04,RELIANCE,Market uncertainty,Neutral,0.33
N174,2024-02-04,HDFCBANK,Strong demand,Negative,-0.53
N175,2024-02-04,TATAMOTORS,Strong demand,Positive,-0.22
N176,2024-02-05,TCS,Positive earnings,Neutral,-0.5
N177,2024-02-05,INFY,Strong demand,Neutral,-0.24
N178,2024-02-05,RELIANCE,Strong demand,Positive,0.62
N179,2024-02-05,HDFCBANK,Strong demand,Negative,0.32
N180,2024-02-05,TATAMOTORS,Strong demand,Neutral,-0.44
N181,2024-02-06,TCS,Strong demand,Positive,0.36
N182,2024-02-06,INFY,New project,Neutral,-0.63
N183,2024-02-06,RELIANCE,New project,Positive,0.45
N184,2024-02-06,HDFCBANK,Strong demand,Negative,0.46
N185,2024-02-06,TATAMOTORS,Positive earnings,Negative,-0.64
N186,2024-02-07,TCS,Market uncertainty,Neutral,0.58
N187,2024-02-07,INFY,Strong demand,Neutral,-0.28
N188,2024-02-07,RELIANCE,Market uncertainty,Negative,-0.25
N189,2024-02-07,HDFCBANK,Strong demand,Neutral,-0.63
N190,2024-02-07,TATAMOTORS,New project,Neutral,0.07
N191,2024-02-08,TCS,Positive earnings,Neutral,-0.96
N192,2024-02-08,INFY,Market uncertainty,Positive,0.29
N193,2024-02-08,RELIANCE,Positive earnings,Neutral,-0.57
N194,2024-02-08,HDFCBANK,Positive earnings,Positive,0.63
N195,2024-02-08,TATAMOTORS,Strong demand,Neutral,0.18
N196,2024-02-09,TCS,Positive earnings,Negative,-0.8
N197,2024-02-09,INFY,Positive earnings,Neutral,-0.89
N198,2024-02-09,RELIANCE,Positive earnings,Negative,0.62
N199,2024-02-09,HDFCBANK,New project,Positive,-0.34
N200,2024-02-09,TATAMOTORS,Strong demand,Positive,-0.19
N201,2024-02-10,TCS,New project,Negative,0.83
N202,2024-02-10,INFY,Strong demand,Positive,0.59
N203,2024-02-10,RELIANCE,New project,Neutral,-0.43
N204,2024-02-10,HDFCBANK,New project,Negative,-0.5
N205,2024-02-10,TATAMOTORS,Strong demand,Negative,0.97
N206,2024-02-11,TCS,Market uncertainty,Negative,0.88
N207,2024-02-11,INFY,Positive earnings,Negative,0.46
N208,2024-02-11,RELIANCE,Strong demand,Neutral,0.71
N209,2024-02-11,HDFCBANK,Positive earnings,Negative,-0.43
N210,2024-02-11,TATAMOTORS,Positive earnings,Negative,0.16
N211,2024-02-12,TCS,Strong demand,Positive,0.29
N212,2024-02-12,INFY,New project,Positive,-0.98
N213,2024-02-12,RELIANCE,New project,Negative,0.51
N214,2024-02-12,HDFCBANK,Market uncertainty,Neutral,-0.2
N215,2024-02-12,TATAMOTORS,New project,Positive,-0.08
N216,2024-02-13,TCS,Positive earnings,Negative,-0.03
N217,2024-02-13,INFY,Market uncertainty,Negative,-0.79
N218,2024-02-13,RELIANCE,New project,Negative,0.56
N219,2024-02-13,HDFCBANK,Strong demand,Negative,-0.32
N220,2024-02-13,TATAMOTORS,Market uncertainty,Neutral,0.37
N221,2024-02-14,TCS,Positive earnings,Negative,-0.3
N222,2024-02-14,INFY,Market uncertainty,Negative,-0.18
N223,2024-02-14,RELIANCE,Strong demand,Neutral,-0.34
N224,2024-02-14,HDFCBANK,Strong demand,Positive,-0.99
N225,2024-02-14,TATAMOTORS,New project,Positive,-0.01
N226,2024-02-15,TCS,Strong demand,Neutral,0.25
N227,2024-02-15,INFY,Market uncertainty,Neutral,-0.71
N228,2024-02-15,RELIANCE,Positive earnings,Positive,-0.42
N229,2024-02-15,HDFCBANK,Positive earnings,Neutral,0.3
N230,2024-02-15,TATAMOTORS,Positive earnings,Neutral,-0.08
N231,2024-02-16,TCS,New project,Negative,-0.66
N232,2024-02-16,INFY,Strong demand,Positive,0.32
N233,2024-02-16,RELIANCE,New project,Negative,0.54
N234,2024-02-16,HDFCBANK,New project,Positive,-0.22
N235,2024-02-16,TATAMOTORS,Strong demand,Positive,0.14
N236,2024-02-17,TCS,Positive earnings,Positive,0.12
N237,2024-02-17,INFY,Positive earnings,Neutral,-0.8
N238,2024-02-17,RELIANCE,New project,Positive,-0.9
N239,2024-02-17,HDFCBANK,Positive earnings,Negative,0.54
N240,2024-02-17,TATAMOTORS,Market uncertainty,Negative,-0.95
N241,2024-02-18,TCS,New project,Negative,-0.94
N242,2024-02-18,INFY,Positive earnings,Positive,0.61
N243,2024-02-18,RELIANCE,New project,Positive,-0.62
N244,2024-02-18,HDFCBANK,New project,Positive,0.82
N245,2024-02-18,TATAMOTORS,Strong demand,Negative,-0.26
N246,2024-02-19,TCS,Strong demand,Neutral,0.72
N247,2024-02-19,INFY,Market uncertainty,Negative,-0.59
N248,2024-02-19,RELIANCE,Strong demand,Neutral,-0.58
N249,2024-02-19,HDFCBANK,Positive earnings,Positive,0.55
N250,2024-02-19,TATAMOTORS,Positive earnings,Positive,0.93
N251,2024-02-20,TCS,Strong demand,Positive,0.13
N252,2024-02-20,INFY,Market uncertainty,Positive,0.52
N253,2024-02-20,RELIANCE,Market uncertainty,Negative,0.6
N254,2024-02-20,HDFCBANK,New project,Positive,0.92
N255,2024-02-20,TATAMOTORS,New project,Negative,0.78
N256,2024-02-21,TCS,Market uncertainty,Negative,-0.23
N257,2024-02-21,INFY,Strong demand,Neutral,-0.86
N258,2024-02-21,RELIANCE,Market uncertainty,Negative,0.71
N259,2024-02-21,HDFCBANK,Positive earnings,Positive,-0.66
N260,2024-02-21,TATAMOTORS,New project,Neutral,0.7
N261,2024-02-22,TCS,Positive earnings,Negative,-0.48
N262,2024-02-22,INFY,New project,Negative,-0.41
N263,2024-02-22,RELIANCE,Strong demand,Negative,0.37
N264,2024-02-22,HDFCBANK,Positive earnings,Positive,0.68
N265,2024-02-22,TATAMOTORS,Positive earnings,Negative,0.27
N266,2024-02-23,TCS,Market uncertainty,Positive,0.44
N267,2024-02-23,INFY,Strong demand,Negative,0.69
N268,2024-02-23,RELIANCE,Market uncertainty,Positive,0.19
N269,2024-02-23,HDFCBANK,Market uncertainty,Positive,0.57
N270,2024-02-23,TATAMOTORS,Positive earnings,Positive,-0.31
N271,2024-02-24,TCS,Market uncertainty,Negative,0.77
N272,2024-02-24,INFY,Market uncertainty,Neutral,-0.45
N273,2024-02-24,RELIANCE,Strong demand,Positive,0.08
N274,2024-02-24,HDFCBANK,Strong demand,Positive,0.41
N275,2024-02-24,TATAMOTORS,Market uncertainty,Neutral,-0.15
N276,2024-02-25,TCS,New project,Negative,0.72
N277,2024-02-25,INFY,Market uncertainty,Negative,-0.97
N278,2024-02-25,RELIANCE,Market uncertainty,Negative,-0.5
N279,2024-02-25,HDFCBANK,Strong demand,Positive,0.63
N280,2024-02-25,TATAMOTORS,New project,Negative,0.85
N281,2024-02-26,TCS,Strong demand,Positive,-0.15
N282,2024-02-26,INFY,Market uncertainty,Neutral,-0.53
N283,2024-02-26,RELIANCE,New project,Neutral,0.44
N284,2024-02-26,HDFCBANK,Market uncertainty,Negative,0.62
N285,2024-02-26,TATAMOTORS,Positive earnings,Neutral,-0.71
N286,2024-02-27,TCS,Strong demand,Neutral,0.1
N287,2024-02-27,INFY,Positive earnings,Negative,0.92
N288,2024-02-27,RELIANCE,New project,Negative,-0.99
N289,2024-02-27,HDFCBANK,Positive earnings,Positive,-0.41
N290,2024-02-27,TATAMOTORS,Strong demand,Negative,0.46
N291,2024-02-28,TCS,New project,Positive,-0.98
N292,2024-02-28,INFY,Positive earnings,Neutral,-0.29
N293,2024-02-28,RELIANCE,Positive earnings,Positive,0.82
N294,2024-02-28,HDFCBANK,Positive earnings,Neutral,-0.14
N295,2024-02-28,TATAMOTORS,New project,Neutral,-0.75
N296,2024-02-29,TCS,New project,Negative,-0.94
N297,2024-02-29,INFY,Strong demand,Negative,-0.63
N298,2024-02-29,RELIANCE,New project,Positive,0.38
N299,2024-02-29,HDFCBANK,Positive earnings,Positive,0.46
N300,2024-02-29,TATAMOTORS,Market uncertainty,Neutral,-0.66
N301,2024-03-01,TCS,Strong demand,Negative,-0.55
N302,2024-03-01,INFY,New project,Negative,0.49
N303,2024-03-01,RELIANCE,Market uncertainty,Neutral,-0.72
N304,2024-03-01,HDFCBANK,Strong demand,Negative,-0.89
N305,2024-03-01,TATAMOTORS,Market uncertainty,Negative,-0.51
N306,2024-03-02,TCS,Strong demand,Neutral,-0.48
N307,2024-03-02,INFY,Positive earnings,Neutral,-0.53
N308,2024-03-02,RELIANCE,Market uncertainty,Positive,0.13
N309,2024-03-02,HDFCBANK,Positive earnings,Positive,-0.01
N310,2024-03-02,TATAMOTORS,New project,Positive,0.47
N311,2024-03-03,TCS,Positive earnings,Negative,0.02
N312,2024-03-03,INFY,Strong demand,Neutral,-0.61
N313,2024-03-03,RELIANCE,Market uncertainty,Neutral,-0.33
N314,2024-03-03,HDFCBANK,Market uncertainty,Neutral,0.78
N315,2024-03-03,TATAMOTORS,Market uncertainty,Positive,-0.15
N316,2024-03-04,TCS,Market uncertainty,Negative,-0.91
N317,2024-03-04,INFY,New project,Negative,-0.53
N318,2024-03-04,RELIANCE,New project,Positive,-0.69
N319,2024-03-04,HDFCBANK,Strong demand,Neutral,0.18
N320,2024-03-04,TATAMOTORS,Strong demand,Negative,-0.55
N321,2024-03-05,TCS,Strong demand,Positive,0.69
N322,2024-03-05,INFY,Market uncertainty,Negative,0.57
N323,2024-03-05,RELIANCE,Market uncertainty,Negative,0.95
N324,2024-03-05,HDFCBANK,New project,Positive,0.64
N325,2024-03-05,TATAMOTORS,New project,Neutral,-0.06
N326,2024-03-06,TCS,Market uncertainty,Neutral,0.63
N327,2024-03-06,INFY,Market uncertainty,Positive,-0.64
N328,2024-03-06,RELIANCE,Market uncertainty,Neutral,0.54
N329,2024-03-06,HDFCBANK,Positive earnings,Positive,-0.24
N330,2024-03-06,TATAMOTORS,Strong demand,Neutral,-0.37
N331,2024-03-07,TCS,New project,Neutral,0.56
N332,2024-03-07,INFY,Positive earnings,Neutral,-0.56
N333,2024-03-07,RELIANCE,Strong demand,Positive,0.72
N334,2024-03-07,HDFCBANK,Positive earnings,Positive,0.39
N335,2024-03-07,TATAMOTORS,New project,Neutral,-0.92
N336,2024-03-08,TCS,Market uncertainty,Neutral,0.34
N337,2024-03-08,INFY,Market uncertainty,Negative,-0.52
N338,2024-03-08,RELIANCE,Strong demand,Positive,-0.82
N339,2024-03-08,HDFCBANK,New project,Neutral,0.96
N340,2024-03-08,TATAMOTORS,Market uncertainty,Positive,-0.01
N341,2024-03-09,TCS,Strong demand,Neutral,0.53
N342,2024-03-09,INFY,Strong demand,Positive,0.6
N343,2024-03-09,RELIANCE,Positive earnings,Positive,0.61
N344,2024-03-09,HDFCBANK,Market uncertainty,Neutral,-0.94
N345,2024-03-09,TATAMOTORS,Positive earnings,Negative,0.44
N346,2024-03-10,TCS,Strong demand,Negative,0.27
N347,2024-03-10,INFY,Strong demand,Neutral,0.73
N348,2024-03-10,RELIANCE,Market uncertainty,Positive,0.27
N349,2024-03-10,HDFCBANK,Positive earnings,Neutral,0.51
N350,2024-03-10,TATAMOTORS,New project,Negative,-0.04
N351,2024-03-11,TCS,Strong demand,Negative,0.02
N352,2024-03-11,INFY,Positive earnings,Positive,-0.83
N353,2024-03-11,RELIANCE,Market uncertainty,Positive,-0.59
N354,2024-03-11,HDFCBANK,Market uncertainty,Neutral,0.89
N355,2024-03-11,TATAMOTORS,Positive earnings,Neutral,0.65
N356,2024-03-12,TCS,Market uncertainty,Neutral,0.29
N357,2024-03-12,INFY,New project,Negative,0.03
N358,2024-03-12,RELIANCE,Market uncertainty,Negative,0.41
N359,2024-03-12,HDFCBANK,New project,Positive,-0.01
N360,2024-03-12,TATAMOTORS,Strong demand,Positive,0.31
N361,2024-03-13,TCS,Positive earnings,Neutral,0.04
N362,2024-03-13,INFY,New project,Positive,0.31
N363,2024-03-13,RELIANCE,Strong demand,Neutral,-0.02
N364,2024-03-13,HDFCBANK,Strong demand,Negative,-0.93
N365,2024-03-13,TATAMOTORS,Positive earnings,Positive,0.03
N366,2024-03-14,TCS,New project,Positive,-0.28
N367,2024-03-14,INFY,New project,Negative,0.93
N368,2024-03-14,RELIANCE,New project,Negative,-0.17
N369,2024-03-14,HDFCBANK,Strong demand,Neutral,-0.13
N370,2024-03-14,TATAMOTORS,Market uncertainty,Positive,0.62
N371,2024-03-15,TCS,Strong demand,Neutral,0.35
N372,2024-03-15,INFY,New project,Neutral,-0.95
N373,2024-03-15,RELIANCE,Positive earnings,Neutral,0.37
N374,2024-03-15,HDFCBANK,New project,Negative,-0.71
N375,2024-03-15,TATAMOTORS,New project,Negative,0.8
N376,2024-03-16,TCS,Positive earnings,Positive,0.62
N377,2024-03-16,INFY,Strong demand,Negative,-0.24
N378,2024-03-16,RELIANCE,Market uncertainty,Negative,-0.99
N379,2024-03-16,HDFCBANK,Market uncertainty,Neutral,-0.79
N380,2024-03-16,TATAMOTORS,Strong demand,Negative,-0.9
N381,2024-03-17,TCS,Market uncertainty,Negative,-0.77
N382,2024-03-17,INFY,Positive earnings,Negative,0.31
N383,2024-03-17,RELIANCE,New project,Negative,0.3
N384,2024-03-17,HDFCBANK,New project,Negative,-0.23
N385,2024-03-17,TATAMOTORS,New project,Positive,-0.05
N386,2024-03-18,TCS,Positive earnings,Neutral,0.57
N387,2024-03-18,INFY,New project,Negative,1.0
N388,2024-03-18,RELIANCE,Positive earnings,Negative,-0.19
N389,2024-03-18,HDFCBANK,Market uncertainty,Neutral,0.33
N390,2024-03-18,TATAMOTORS,New project,Neutral,-0.63
N391,2024-03-19,TCS,Market uncertainty,Positive,0.67
N392,2024-03-19,INFY,Strong demand,Positive,0.3
N393,2024-03-19,RELIANCE,New project,Negative,0.88
N394,2024-03-19,HDFCBANK,New project,Neutral,-0.55
N395,2024-03-19,TATAMOTORS,Strong demand,Negative,-0.37
N396,2024-03-20,TCS,Market uncertainty,Neutral,0.47
N397,2024-03-20,INFY,Market uncertainty,Negative,0.27
N398,2024-03-20,RELIANCE,Positive earnings,Negative,0.08
N399,2024-03-20,HDFCBANK,Strong demand,Neutral,-0.82
N400,2024-03-20,TATAMOTORS,Positive earnings,Neutral,0.31
N401,2024-03-21,TCS,Strong demand,Negative,0.27
N402,2024-03-21,INFY,Market uncertainty,Positive,0.05
N403,2024-03-21,RELIANCE,Strong demand,Negative,0.37
N404,2024-03-21,HDFCBANK,New project,Positive,0.93
N405,2024-03-21,TATAMOTORS,Market uncertainty,Neutral,0.24
N406,2024-03-22,TCS,Positive earnings,Positive,0.98
N407,2024-03-22,INFY,Market uncertainty,Positive,0.53
N408,2024-03-22,RELIANCE,Strong demand,Negative,-0.47
N409,2024-03-22,HDFCBANK,Positive earnings,Positive,0.51
N410,2024-03-22,TATAMOTORS,Positive earnings,Negative,-0.78
N411,2024-03-23,TCS,Market uncertainty,Negative,-0.96
N412,2024-03-23,INFY,Strong demand,Neutral,0.05
N413,2024-03-23,RELIANCE,Market uncertainty,Negative,-0.03
N414,2024-03-23,HDFCBANK,Positive earnings,Neutral,-0.5
N415,2024-03-23,TATAMOTORS,Market uncertainty,Neutral,0.19
N416,2024-03-24,TCS,New project,Positive,0.04
N417,2024-03-24,INFY,Strong demand,Negative,0.6
N418,2024-03-24,RELIANCE,Positive earnings,Negative,-0.79
N419,2024-03-24,HDFCBANK,Positive earnings,Neutral,0.62
N420,2024-03-24,TATAMOTORS,New project,Positive,-0.92
N421,2024-03-25,TCS,Market uncertainty,Neutral,0.3
N422,2024-03-25,INFY,Positive earnings,Positive,-0.58
N423,2024-03-25,RELIANCE,New project,Negative,-0.78
N424,2024-03-25,HDFCBANK,New project,Neutral,-0.9
N425,2024-03-25,TATAMOTORS,Strong demand,Positive,0.23
N426,2024-03-26,TCS,Market uncertainty,Positive,0.67
N427,2024-03-26,INFY,Market uncertainty,Neutral,-0.26
N428,2024-03-26,RELIANCE,Strong demand,Positive,0.24
N429,2024-03-26,HDFCBANK,Strong demand,Neutral,0.47
N430,2024-03-26,TATAMOTORS,Strong demand,Neutral,-0.13
N431,2024-03-27,TCS,New project,Positive,-0.03
N432,2024-03-27,INFY,Strong demand,Negative,0.97
N433,2024-03-27,RELIANCE,Market uncertainty,Negative,-0.98
N434,2024-03-27,HDFCBANK,New project,Positive,-0.17
N435,2024-03-27,TATAMOTORS,Strong demand,Neutral,0.21
N436,2024-03-28,TCS,Market uncertainty,Neutral,-0.13
N437,2024-03-28,INFY,Strong demand,Positive,-0.19
N438,2024-03-28,RELIANCE,Market uncertainty,Neutral,-0.2
N439,2024-03-28,HDFCBANK,Market uncertainty,Positive,-0.58
N440,2024-03-28,TATAMOTORS,New project,Neutral,-0.54
N441,2024-03-29,TCS,Strong demand,Negative,0.36
N442,2024-03-29,INFY,New project,Negative,-0.75
N443,2024-03-29,RELIANCE,Positive earnings,Negative,-0.39
N444,2024-03-29,HDFCBANK,Positive earnings,Negative,-0.52
N445,2024-03-29,TATAMOTORS,Positive earnings,Positive,-0.46
N446,2024-03-30,TCS,New project,Negative,-0.01
N447,2024-03-30,INFY,Market uncertainty,Neutral,-0.3
N448,2024-03-30,RELIANCE,Market uncertainty,Neutral,-0.38
N449,2024-03-30,HDFCBANK,Positive earnings,Neutral,-1.0
N450,2024-03-30,TATAMOTORS,Strong demand,Positive,-0.24
N451,2024-03-31,TCS,Strong demand,Positive,-0.6
N452,2024-03-31,INFY,Strong demand,Positive,-0.08
N453,2024-03-31,RELIANCE,Strong demand,Negative,0.71
N454,2024-03-31,HDFCBANK,New project,Neutral,0.47
N455,2024-03-31,TATAMOTORS,Strong demand,Neutral,0.46
N456,2024-04-01,TCS,Strong demand,Positive,-0.35
N457,2024-04-01,INFY,Market uncertainty,Positive,0.25
N458,2024-04-01,RELIANCE,Strong demand,Negative,-0.85
N459,2024-04-01,HDFCBANK,Strong demand,Neutral,0.75
N460,2024-04-01,TATAMOTORS,Strong demand,Negative,-0.15
N461,2024-04-02,TCS,Positive earnings,Positive,-0.86
N462,2024-04-02,INFY,Strong demand,Negative,0.44
N463,2024-04-02,RELIANCE,Positive earnings,Positive,0.78
N464,2024-04-02,HDFCBANK,Market uncertainty,Negative,-0.84
N465,2024-04-02,TATAMOTORS,New project,Positive,-0.4
N466,2024-04-03,TCS,New project,Positive,-0.82
N467,2024-04-03,INFY,Market uncertainty,Positive,0.15
N468,2024-04-03,RELIANCE,Positive earnings,Positive,-0.24
N469,2024-04-03,HDFCBANK,New project,Positive,-0.74
N470,2024-04-03,TATAMOTORS,Strong demand,Positive,-0.99
N471,2024-04-04,TCS,Strong demand,Neutral,-0.26
N472,2024-04-04,INFY,Strong demand,Neutral,-0.87
N473,2024-04-04,RELIANCE,Market uncertainty,Neutral,0.67
N474,2024-04-04,HDFCBANK,Strong demand,Negative,-0.85
N475,2024-04-04,TATAMOTORS,New project,Neutral,-0.48
N476,2024-04-05,TCS,Positive earnings,Negative,0.28
N477,2024-04-05,INFY,Strong demand,Negative,0.46
N478,2024-04-05,RELIANCE,Market uncertainty,Negative,0.44
N479,2024-04-05,HDFCBANK,Market uncertainty,Positive,-0.33
N480,2024-04-05,TATAMOTORS,Strong demand,Negative,0.63
N481,2024-04-06,TCS,Positive earnings,Negative,-0.91
N482,2024-04-06,INFY,Market uncertainty,Neutral,0.39
N483,2024-04-06,RELIANCE,Strong demand,Positive,-0.47
N484,2024-04-06,HDFCBANK,Strong demand,Negative,-0.37
N485,2024-04-06,TATAMOTORS,New project,Neutral,0.7
N486,2024-04-07,TCS,Market uncertainty,Positive,-0.18
N487,2024-04-07,INFY,Market uncertainty,Negative,0.19
N488,2024-04-07,RELIANCE,Market uncertainty,Positive,0.81
N489,2024-04-07,HDFCBANK,Market uncertainty,Positive,0.08
N490,2024-04-07,TATAMOTORS,Positive earnings,Neutral,-0.59
N491,2024-04-08,TCS,Positive earnings,Neutral,0.99
N492,2024-04-08,INFY,Positive earnings,Negative,-0.6
N493,2024-04-08,RELIANCE,Positive earnings,Negative,-0.25
N494,2024-04-08,HDFCBANK,Strong demand,Neutral,-0.57
N495,2024-04-08,TATAMOTORS,Strong demand,Negative,0.53
N496,2024-04-09,TCS,Positive earnings,Negative,0.07
N497,2024-04-09,INFY,Positive earnings,Negative,0.7
N498,2024-04-09,RELIANCE,Market uncertainty,Negative,-0.15
N499,2024-04-09,HDFCBANK,Strong demand,Positive,-0.38
N500,2024-04-09,TATAMOTORS,Strong demand,Negative,0.05
